{"payload":{"installed_packages":["absl-py==2.1.0","astunparse==1.6.3","attrs==23.2.0","blinker==1.7.0","cachetools==5.3.2","certifi==2024.2.2","charset-normalizer==3.3.2","click==8.1.7","colorama==0.4.6","comet-ml==3.38.1","configobj==5.0.8","contourpy==1.1.1","cycler==0.12.1","dulwich==0.21.7","everett==3.1.0","filelock==3.13.1","flask-cors==4.0.0","flask==3.0.2","flatbuffers==23.5.26","fonttools==4.49.0","fsspec==2024.2.0","gast==0.4.0","gitdb==4.0.11","gitpython==3.1.42","google-auth-oauthlib==1.0.0","google-auth==2.28.1","google-pasta==0.2.0","grpcio==1.62.0","h5py==3.10.0","idna==3.6","importlib-metadata==7.0.1","importlib-resources==6.1.2","itsdangerous==2.1.2","jinja2==3.1.3","jsonschema-specifications==2023.12.1","jsonschema==4.21.1","keras==2.13.1","kiwisolver==1.4.5","libclang==16.0.6","markdown-it-py==3.0.0","markdown==3.5.2","markupsafe==2.1.5","matplotlib==3.7.5","mdurl==0.1.2","mpmath==1.3.0","networkx==3.1","numpy==1.24.3","oauthlib==3.2.2","opencv-python==4.9.0.80","opt-einsum==3.3.0","packaging==23.2","pandas==2.0.3","pillow==10.2.0","pip==21.1.1","pkgutil-resolve-name==1.3.10","protobuf==4.25.3","psutil==5.9.8","py-cpuinfo==9.0.0","pyasn1-modules==0.3.0","pyasn1==0.5.1","pygments==2.17.2","pyparsing==3.1.1","python-box==6.1.0","python-dateutil==2.8.2","pytz==2024.1","pyyaml==6.0.1","referencing==0.33.0","requests-oauthlib==1.3.1","requests-toolbelt==1.0.0","requests==2.31.0","rich==13.7.0","rpds-py==0.18.0","rsa==4.9","scipy==1.10.1","seaborn==0.13.2","semantic-version==2.10.0","sentry-sdk==1.40.5","setuptools==69.1.1","simplejson==3.19.2","six==1.16.0","smmap==5.0.1","sympy==1.12","tensorboard-data-server==0.7.2","tensorboard==2.13.0","tensorflow-estimator==2.13.0","tensorflow-intel==2.13.0","tensorflow-io-gcs-filesystem==0.31.0","tensorflow==2.13.0","termcolor==2.4.0","thop==0.1.1.post2209072238","torch==2.2.1","torchvision==0.17.1","tqdm==4.66.2","typing-extensions==4.10.0","tzdata==2024.1","ultralytics==8.1.19","urllib3==2.2.1","websocket-client==1.3.3","werkzeug==3.0.1","wheel==0.42.0","wrapt==1.16.0","wurlitzer==3.0.3","zipp==3.17.0"],"local_timestamp":1709009270578,"message_id":1},"type":"ws_msg"}
{"payload":{"env_details":{"command":["C:\\Users\\mintorn-ta\\Desktop\\yolo5\\yolov5\\train.py","--img","640","--batch","8","--data","coco128.yaml","--weights","yolov5s.pt","--cache"],"env":null,"hostname":"NCTC-ONB077","ip":"172.20.10.5","machine":"AMD64","os":"Windows-10-10.0.22621-SP0","os_release":"10","os_type":"Windows","pid":24612,"processor":"Intel64 Family 6 Model 140 Stepping 1, GenuineIntel","python_exe":"C:\\Program Files\\Python38\\python.exe","python_version":"3.8.10","python_version_verbose":"3.8.10 (tags/v3.8.10:3d8993a, May  3 2021, 11:48:03) [MSC v.1928 64 bit (AMD64)]","user":"Mintorn-ta"},"local_timestamp":1709009270601,"message_id":2},"type":"ws_msg"}
{"payload":{"local_timestamp":1709009270963,"message_id":3,"param":{"paramName":"img","paramValue":640,"source":"cli","step":null}},"type":"parameter_msg"}
{"payload":{"local_timestamp":1709009270963,"message_id":4,"param":{"paramName":"batch","paramValue":8,"source":"cli","step":null}},"type":"parameter_msg"}
{"payload":{"local_timestamp":1709009270963,"message_id":5,"param":{"paramName":"data","paramValue":"coco128.yaml","source":"cli","step":null}},"type":"parameter_msg"}
{"payload":{"local_timestamp":1709009270963,"message_id":6,"param":{"paramName":"weights","paramValue":"yolov5s.pt","source":"cli","step":null}},"type":"parameter_msg"}
{"payload":{"local_timestamp":1709009270963,"message_id":7,"param":{"paramName":"cache","paramValue":true,"source":"cli","step":null}},"type":"parameter_msg"}
{"payload":{"local_timestamp":1709009270963,"message_id":8,"metric":{"epoch":null,"metricName":"sys.cpu.percent.avg","metricValue":0.0,"step":null}},"type":"metric_msg"}
{"payload":{"local_timestamp":1709009270963,"message_id":9,"metric":{"epoch":null,"metricName":"sys.ram.total","metricValue":16762327040,"step":null}},"type":"metric_msg"}
{"payload":{"local_timestamp":1709009270963,"message_id":10,"metric":{"epoch":null,"metricName":"sys.ram.used","metricValue":13231656960,"step":null}},"type":"metric_msg"}
{"payload":{"local_timestamp":1709009270963,"message_id":11,"metric":{"epoch":null,"metricName":"sys.ram.available","metricValue":3530670080,"step":null}},"type":"metric_msg"}
{"payload":{"local_timestamp":1709009270963,"message_id":12,"metric":{"epoch":null,"metricName":"sys.ram.percent.used","metricValue":78.9,"step":null}},"type":"metric_msg"}
{"payload":{"local_timestamp":1709009270963,"message_id":13,"metric":{"epoch":null,"metricName":"sys.load.avg","metricValue":0.0,"step":null}},"type":"metric_msg"}
{"payload":{"local_timestamp":1709009270963,"log_other":{"key":"offline_experiment","val":true},"message_id":14},"type":"ws_msg"}
{"payload":{"local_timestamp":1709009270963,"log_other":{"key":"Name","val":"exp"},"message_id":15},"type":"ws_msg"}
{"payload":{"local_timestamp":1709009270963,"message_id":16,"stderr":true,"stdout":"Traceback (most recent call last):\n"},"type":"ws_msg"}
{"payload":{"local_timestamp":1709009270963,"message_id":17,"stderr":true,"stdout":"  File \"C:\\Users\\mintorn-ta\\Desktop\\yolo5\\yolov5\\train.py\", line 848, in <module>\n"},"type":"ws_msg"}
{"payload":{"local_timestamp":1709009270963,"message_id":18,"stderr":true,"stdout":"    "},"type":"ws_msg"}
{"payload":{"local_timestamp":1709009270963,"message_id":19,"stderr":true,"stdout":"main(opt)"},"type":"ws_msg"}
{"payload":{"local_timestamp":1709009270963,"message_id":20,"stderr":true,"stdout":"\n"},"type":"ws_msg"}
{"payload":{"local_timestamp":1709009270963,"message_id":21,"stderr":true,"stdout":"  File \"C:\\Users\\mintorn-ta\\Desktop\\yolo5\\yolov5\\train.py\", line 623, in main\n"},"type":"ws_msg"}
{"payload":{"local_timestamp":1709009270963,"message_id":22,"stderr":true,"stdout":"    "},"type":"ws_msg"}
{"payload":{"local_timestamp":1709009270963,"message_id":23,"stderr":true,"stdout":"train(opt.hyp, opt, device, callbacks)"},"type":"ws_msg"}
{"payload":{"local_timestamp":1709009270963,"message_id":24,"stderr":true,"stdout":"\n"},"type":"ws_msg"}
{"payload":{"local_timestamp":1709009270963,"message_id":25,"stderr":true,"stdout":"  File \"C:\\Users\\mintorn-ta\\Desktop\\yolo5\\yolov5\\train.py\", line 153, in train\n"},"type":"ws_msg"}
{"payload":{"local_timestamp":1709009270976,"message_id":26,"stderr":true,"stdout":"    "},"type":"ws_msg"}
{"payload":{"local_timestamp":1709009270976,"message_id":27,"stderr":true,"stdout":"loggers = Loggers("},"type":"ws_msg"}
{"payload":{"local_timestamp":1709009270977,"message_id":28,"stderr":true,"stdout":"\n"},"type":"ws_msg"}
{"payload":{"local_timestamp":1709009270977,"message_id":29,"stderr":true,"stdout":"  File \"C:\\Users\\mintorn-ta\\Desktop\\yolo5\\yolov5\\utils\\loggers\\__init__.py\", line 147, in __init__\n"},"type":"ws_msg"}
{"payload":{"local_timestamp":1709009270978,"message_id":30,"stderr":true,"stdout":"    "},"type":"ws_msg"}
{"payload":{"local_timestamp":1709009270978,"message_id":31,"stderr":true,"stdout":"self.comet_logger = CometLogger(self.opt, self.hyp)"},"type":"ws_msg"}
{"payload":{"local_timestamp":1709009270978,"message_id":32,"stderr":true,"stdout":"\n"},"type":"ws_msg"}
{"payload":{"local_timestamp":1709009270983,"message_id":33,"stderr":true,"stdout":"  File \"C:\\Users\\mintorn-ta\\Desktop\\yolo5\\yolov5\\utils\\loggers\\comet\\__init__.py\", line 97, in __init__\n"},"type":"ws_msg"}
{"payload":{"local_timestamp":1709009270983,"message_id":34,"stderr":true,"stdout":"    "},"type":"ws_msg"}
{"payload":{"local_timestamp":1709009270983,"message_id":35,"stderr":true,"stdout":"self.data_dict = self.check_dataset(self.opt.data)"},"type":"ws_msg"}
{"payload":{"local_timestamp":1709009270983,"message_id":36,"stderr":true,"stdout":"\n"},"type":"ws_msg"}
{"payload":{"local_timestamp":1709009270995,"message_id":37,"stderr":true,"stdout":"  File \"C:\\Users\\mintorn-ta\\Desktop\\yolo5\\yolov5\\utils\\loggers\\comet\\__init__.py\", line 247, in check_dataset\n"},"type":"ws_msg"}
{"payload":{"local_timestamp":1709009270996,"message_id":38,"stderr":true,"stdout":"    "},"type":"ws_msg"}
{"payload":{"local_timestamp":1709009270996,"message_id":39,"stderr":true,"stdout":"data_config = yaml.safe_load(f)"},"type":"ws_msg"}
{"payload":{"local_timestamp":1709009270996,"message_id":40,"stderr":true,"stdout":"\n"},"type":"ws_msg"}
{"payload":{"local_timestamp":1709009270996,"message_id":41,"stderr":true,"stdout":"  File \"C:\\Users\\mintorn-ta\\AppData\\Roaming\\Python\\Python38\\site-packages\\yaml\\__init__.py\", line 125, in safe_load\n"},"type":"ws_msg"}
{"payload":{"local_timestamp":1709009270996,"message_id":42,"stderr":true,"stdout":"    "},"type":"ws_msg"}
{"payload":{"local_timestamp":1709009270996,"message_id":43,"stderr":true,"stdout":"return load(stream, SafeLoader)"},"type":"ws_msg"}
{"payload":{"local_timestamp":1709009270996,"message_id":44,"stderr":true,"stdout":"\n"},"type":"ws_msg"}
{"payload":{"local_timestamp":1709009270996,"message_id":45,"stderr":true,"stdout":"  File \"C:\\Users\\mintorn-ta\\AppData\\Roaming\\Python\\Python38\\site-packages\\yaml\\__init__.py\", line 79, in load\n"},"type":"ws_msg"}
{"payload":{"local_timestamp":1709009270996,"message_id":46,"stderr":true,"stdout":"    "},"type":"ws_msg"}
{"payload":{"local_timestamp":1709009270996,"message_id":47,"stderr":true,"stdout":"loader = Loader(stream)"},"type":"ws_msg"}
{"payload":{"local_timestamp":1709009270996,"message_id":48,"stderr":true,"stdout":"\n"},"type":"ws_msg"}
{"payload":{"local_timestamp":1709009270996,"message_id":49,"stderr":true,"stdout":"  File \"C:\\Users\\mintorn-ta\\AppData\\Roaming\\Python\\Python38\\site-packages\\yaml\\loader.py\", line 34, in __init__\n"},"type":"ws_msg"}
{"payload":{"local_timestamp":1709009270996,"message_id":50,"stderr":true,"stdout":"    "},"type":"ws_msg"}
{"payload":{"local_timestamp":1709009270996,"message_id":51,"stderr":true,"stdout":"Reader.__init__(self, stream)"},"type":"ws_msg"}
{"payload":{"local_timestamp":1709009270996,"message_id":52,"stderr":true,"stdout":"\n"},"type":"ws_msg"}
{"payload":{"local_timestamp":1709009271011,"message_id":53,"stderr":true,"stdout":"  File \"C:\\Users\\mintorn-ta\\AppData\\Roaming\\Python\\Python38\\site-packages\\yaml\\reader.py\", line 85, in __init__\n"},"type":"ws_msg"}
{"payload":{"local_timestamp":1709009271012,"message_id":54,"stderr":true,"stdout":"    "},"type":"ws_msg"}
{"payload":{"local_timestamp":1709009271012,"message_id":55,"stderr":true,"stdout":"self.determine_encoding()"},"type":"ws_msg"}
{"payload":{"local_timestamp":1709009271014,"message_id":56,"stderr":true,"stdout":"\n"},"type":"ws_msg"}
{"payload":{"local_timestamp":1709009271015,"message_id":57,"stderr":true,"stdout":"  File \"C:\\Users\\mintorn-ta\\AppData\\Roaming\\Python\\Python38\\site-packages\\yaml\\reader.py\", line 124, in determine_encoding\n"},"type":"ws_msg"}
{"payload":{"local_timestamp":1709009271017,"message_id":58,"stderr":true,"stdout":"    "},"type":"ws_msg"}
{"payload":{"local_timestamp":1709009271017,"message_id":59,"stderr":true,"stdout":"self.update_raw()"},"type":"ws_msg"}
{"payload":{"local_timestamp":1709009271017,"message_id":60,"stderr":true,"stdout":"\n"},"type":"ws_msg"}
{"payload":{"local_timestamp":1709009271017,"message_id":61,"stderr":true,"stdout":"  File \"C:\\Users\\mintorn-ta\\AppData\\Roaming\\Python\\Python38\\site-packages\\yaml\\reader.py\", line 178, in update_raw\n"},"type":"ws_msg"}
{"payload":{"local_timestamp":1709009271017,"message_id":62,"stderr":true,"stdout":"    "},"type":"ws_msg"}
{"payload":{"local_timestamp":1709009271017,"message_id":63,"stderr":true,"stdout":"data = self.stream.read(size)"},"type":"ws_msg"}
{"payload":{"local_timestamp":1709009271017,"message_id":64,"stderr":true,"stdout":"\n"},"type":"ws_msg"}
{"payload":{"local_timestamp":1709009271017,"message_id":65,"stderr":true,"stdout":"  File \"C:\\Program Files\\Python38\\lib\\encodings\\cp1252.py\", line 23, in decode\n"},"type":"ws_msg"}
{"payload":{"local_timestamp":1709009271017,"message_id":66,"stderr":true,"stdout":"    "},"type":"ws_msg"}
{"payload":{"local_timestamp":1709009271017,"message_id":67,"stderr":true,"stdout":"return codecs.charmap_decode(input,self.errors,decoding_table)[0]"},"type":"ws_msg"}
{"payload":{"local_timestamp":1709009271017,"message_id":68,"stderr":true,"stdout":"\n"},"type":"ws_msg"}
{"payload":{"local_timestamp":1709009271017,"message_id":69,"stderr":true,"stdout":"UnicodeDecodeError"},"type":"ws_msg"}
{"payload":{"local_timestamp":1709009271017,"message_id":70,"stderr":true,"stdout":": "},"type":"ws_msg"}
{"payload":{"local_timestamp":1709009271017,"message_id":71,"stderr":true,"stdout":"'charmap' codec can't decode byte 0x90 in position 297: character maps to <undefined>"},"type":"ws_msg"}
{"payload":{"local_timestamp":1709009271017,"message_id":72,"stderr":true,"stdout":"\n"},"type":"ws_msg"}
{"payload":{"git_meta":{"branch":"refs/heads/master","origin":"https://github.com/ultralytics/yolov5.git","parent":"574331f984c0aa9c26c4ea78dac90133cfe6b2d0","repo_name":"yolov5","root":"1e84a23f38fad9e52b59101e9f1246d93066ed1e","status":null,"user":null},"local_timestamp":1709009271296,"message_id":73},"type":"ws_msg"}
{"payload":{"local_timestamp":1709009271296,"message_id":74,"stderr":true,"stdout":"COMET INFO: ---------------------------------------------------------------------------------------\n"},"type":"ws_msg"}
{"payload":{"local_timestamp":1709009271296,"message_id":75,"stderr":true,"stdout":"COMET INFO: Comet.ml OfflineExperiment Summary\n"},"type":"ws_msg"}
{"payload":{"local_timestamp":1709009271296,"message_id":76,"stderr":true,"stdout":"COMET INFO: ---------------------------------------------------------------------------------------\n"},"type":"ws_msg"}
{"payload":{"local_timestamp":1709009271296,"message_id":77,"stderr":true,"stdout":"COMET INFO:   Data:\n"},"type":"ws_msg"}
{"payload":{"local_timestamp":1709009271296,"message_id":78,"stderr":true,"stdout":"COMET INFO:     display_summary_level : 1\n"},"type":"ws_msg"}
{"payload":{"local_timestamp":1709009271296,"message_id":79,"stderr":true,"stdout":"COMET INFO:     url                   : [OfflineExperiment will get URL after upload]\n"},"type":"ws_msg"}
{"payload":{"local_timestamp":1709009271296,"message_id":80,"stderr":true,"stdout":"COMET INFO:   Others:\n"},"type":"ws_msg"}
{"payload":{"local_timestamp":1709009271296,"message_id":81,"stderr":true,"stdout":"COMET INFO:     Name               : exp\n"},"type":"ws_msg"}
{"payload":{"local_timestamp":1709009271296,"message_id":82,"stderr":true,"stdout":"COMET INFO:     offline_experiment : True\n"},"type":"ws_msg"}
{"payload":{"local_timestamp":1709009271296,"message_id":83,"stderr":true,"stdout":"COMET INFO:   Uploads:\n"},"type":"ws_msg"}
{"payload":{"local_timestamp":1709009271296,"message_id":84,"stderr":true,"stdout":"COMET INFO:     environment details : 1\n"},"type":"ws_msg"}
{"payload":{"local_timestamp":1709009271296,"message_id":85,"stderr":true,"stdout":"COMET INFO:     git metadata        : 1\n"},"type":"ws_msg"}
{"payload":{"local_timestamp":1709009271296,"message_id":86,"stderr":true,"stdout":"COMET INFO:     installed packages  : 1\n"},"type":"ws_msg"}
{"payload":{"local_timestamp":1709009271296,"message_id":87,"stderr":true,"stdout":"COMET INFO: \n"},"type":"ws_msg"}
